outcome,mean_gini_lo,mean_gini_hi,mean_skill_lo,mean_skill_hi
flu_vaccinated_2023_2024,0.3032855219978295,0.32247782955435955,0.33674389490678697,0.3894928980477685
mask_when_pressure_high,0.2545435221228411,0.2811536059891741,0.03864580484939155,0.061650260810051476
mask_when_symptomatic_crowded,0.19826321891033435,0.22857273600412653,0.035642523934252546,0.05667635711889352
stay_home_when_symptomatic,0.133808830625967,0.16547695026412443,-0.033452881723939565,-0.013159156102431796
vax_willingness_Y,0.2733511228868947,0.29881100627473955,-0.02335009831908143,0.026122845801234317
