outcome,ref_model,n,eta_std,term_in_beta,term_in_design,term_missing_in_beta,ref_spearman_eta,ref_gini_eta,ref_spearman_pred,ref_gini_pred,ref_skill_pred,ref_gini_pred_ci_low,ref_gini_pred_ci_high,ref_skill_pred_ci_low,ref_skill_pred_ci_high,predictions_paths_n
flu_vaccinated_2023_2024,B_FLU_vaccinated_2023_2024_ENGINES,475,1.4786850235600546,32.0,32.0,0.0,0.4660118425873573,0.6398455908156615,0.4660118425873573,0.6398455908156615,-0.2648929893182177,0.55686832529278,0.7231599990790032,-0.49204066377976863,-0.09067635566510696,16
flu_vaccinated_2023_2024_no_habit,B_FLU_vaccinated_2023_2024_ENGINES,0,,,,,,,,,,,,,,0
mask_when_pressure_high,B_PROTECT_mask_when_pressure_high_ENGINES_REF,500,1.2055481803358716,42.0,36.0,0.0,0.5176968496691648,0.4421802800525223,0.5176968496691648,0.4421802800525223,0.1636643504686105,0.37528035389502296,0.50390059897389,0.11146406311578382,0.208574776179724,16
mask_when_symptomatic_crowded,B_PROTECT_mask_when_symptomatic_crowded_ENGINES_REF,500,0.9834273806343983,42.0,36.0,0.0,0.4652360166876824,0.37800723159123484,0.4652360166876824,0.37800723159123484,0.1372469143458236,0.31230589485422294,0.44434309564221797,0.09010195597508378,0.18091077918514198,16
stay_home_when_symptomatic,B_PROTECT_stay_home_when_symptomatic_ENGINES_REF,500,0.7742910207380149,42.0,36.0,0.0,0.39670827297386524,0.32379706408603814,0.39670827297386524,0.32379706408603814,0.07043106128065812,0.26153506429392276,0.39681838204837083,0.029329910308690487,0.11074490206447929,16
vax_willingness_T12,B_COVID_MAIN_vax_willingness_T12_ENGINES_STAKESdanger,500,2.322690194683431,24.0,20.0,0.0,0.7443698289193237,0.6734619252216838,0.7443698289193237,0.6734619252216838,0.4265523251416047,0.6262273472088569,0.7189561963335285,0.3813577858270183,0.470675425358453,13
vax_willingness_Y,B_COVID_MAIN_vax_willingness_Y_ENGINES_STAKESdanger,500,1.9073797800713135,24.0,20.0,0.0,0.7141752727946304,0.7143695763144462,0.7141752727946304,0.7143695763144462,0.31518206427688067,0.6639456174120411,0.7532155903001889,0.23840818615840795,0.37438217730082185,16
