strategy,mean_gini_lo,mean_gini_hi,mean_skill_lo,mean_skill_hi
data_only,0.24740519320155704,0.27214206337033064,0.09789338248888169,0.13199348063381325
first_person,0.21724382755909602,0.2427120502519226,0.07845757349081539,0.1098554167776848
multi_expert,0.24508016447803274,0.26945520887758295,0.020850379655967612,0.057674859665179254
third_person,0.2234388409976588,0.24948161581887082,0.08322531967476701,0.11623876450185777
